{"Epoch":131,"Val Relative Error":5.885609785715739,"_step":14,"Train Relative Error":3.349794795115789,"Train Loss":1.3163099812809378,"Val Loss":0.3396633391578992,"Learning Rate":5.120000000000001e-05,"_wandb":{"runtime":491},"_timestamp":1.730877691080375e+09,"_runtime":474.097720349}