{"Val Loss":0.000682803220115602,"_wandb":{"runtime":2515},"_runtime":2515.441080719,"Train Loss":0.00017495394640718587,"Train Relative Error":0.2923571065068245,"Epoch":100,"_step":99,"Val Relative Error":0.38416097561518353,"Learning Rate":6.400000000000001e-05,"_timestamp":1.730777939489575e+09}