{"_wandb":{"runtime":2520},"Train Loss":8.846674290907686e-06,"_step":99,"Val Loss":0.0009470248429958398,"_runtime":2520.743846739,"_timestamp":1.730711623244488e+09,"Train Relative Error":0.11438513472676277,"Val Relative Error":0.4342840115229289,"Epoch":100}