{"Learning Rate":1.3421772800000009e-05,"_timestamp":1.7307726598945303e+09,"_runtime":2508.846899658,"Epoch":100,"Train Loss":2.5599252694519238e-06,"_wandb":{"runtime":2508},"Val Loss":0.00018799310782924294,"Train Relative Error":0.06484093517065048,"_step":99,"Val Relative Error":0.41109784444173175}