{
    "resize3d.obj": {
        "x_real": 0.03151507814966787,
        "y_real": 0.01914424023650575,
        "z_real": 0.03226676825367066,
        "volume": 1.1926369078967654e-05
    }
}