{
    "output3d.obj": {
        "volume": 1.8483911915634392,
        "x_width": 1.692831,
        "y_width": 1.028332,
        "z_width": 1.733208
    }
}