{"Train Relative Error":9.184842079877853,"_timestamp":1.7308818104418375e+09,"Val Loss":0.1121557995211333,"Epoch":35,"Val Relative Error":5.716978311538696,"Train Loss":30.335812354984228,"_runtime":2794.515374766,"_wandb":{"runtime":2860},"Learning Rate":8e-05,"_step":34}