{"Val Relative Error":0.08632271438837051,"_step":499,"_runtime":51942.224047393,"_wandb":{"runtime":51944},"Train Loss":0.004247276309447793,"Train Relative Error":0.010019899047433566,"Val Loss":0.03062901012599468,"_timestamp":1.7311935986811166e+09,"Learning Rate":1e-05,"Epoch":500}