{"Val Relative Error":2.127226635813713,"_timestamp":1.7308887990330687e+09,"_step":85,"Learning Rate":2.6214400000000015e-06,"_runtime":6846.870465307,"_wandb":{"runtime":6911},"Epoch":86,"Val Loss":8.155296898563392,"Train Relative Error":1.7755845375359058,"Train Loss":0.027520342518982943}