{"Val Relative Error":0.2615330182015896,"Epoch":100,"Val Loss":0.0004329861039877869,"Train Relative Error":0.1585375890135765,"_step":18,"Learning Rate":8e-05,"_runtime":770.842503284,"Train Loss":6.503220504328056e-05,"_timestamp":1.7307912259915998e+09,"_wandb":{"runtime":770}}