{"Train Relative Error":4.257115066051483,"Val Relative Error":5.31047781308492,"_step":14,"_timestamp":1.7308776910634964e+09,"Learning Rate":5.120000000000001e-05,"Train Loss":0.8870458736394843,"Val Loss":0.34024251500765484,"_wandb":{"runtime":491},"Epoch":131,"_runtime":474.002724383}