{"Val Relative Error":0.5342041353384653,"_runtime":17694.540550881,"_wandb":{"runtime":17694},"Train Loss":0.00143143802852137,"Epoch":1000,"Train Relative Error":1.0388329863548278,"Val Loss":0.0008458342733016858,"Learning Rate":1e-06,"_timestamp":1.7307421859397485e+09,"_step":999}