{"Val Relative Error":0.22288904339075089,"_runtime":4790.082725297,"Train Relative Error":0.10106653394177556,"Epoch":200,"_timestamp":1.7307962605132818e+09,"_step":118,"Val Loss":0.0006504559569293633,"Train Loss":1.999052744849905e-05,"Learning Rate":2.6214400000000015e-05,"_wandb":{"runtime":4790}}