{"Learning Rate":1e-05,"Train Loss":0.0001917229275046012,"_step":199,"Train Relative Error":0.039752425673680425,"Val Relative Error":0.10875821262598037,"Val Loss":0.002251649368554354,"_wandb":{"runtime":20682},"Epoch":200,"_timestamp":1.7310541408455617e+09,"_runtime":20681.167598636}